{"cameraMode":{"drawMode":0,"name":"Shaded","section":"Shading Mode"},"sceneLighting":true,"audioPlay":false,"sceneViewState":{"showFog":true,"showMaterialUpdate":false,"showSkybox":true,"showFlares":true,"showImageEffects":true,"showParticleSystems":true,"showVisualEffectGraphs":true,"m_FxEnabled":true},"in2DMode":false,"pivot":{"x":5.1354851722717289,"y":-4.836282730102539,"z":1.6164584159851075},"rotation":{"x":0.517964780330658,"y":-0.06658292561769486,"z":0.040489017963409427,"w":0.8518618941307068},"size":19.571941375732423,"orthographic":false}