{"cameraMode":{"drawMode":0,"name":"Shaded","section":"Shading Mode"},"sceneLighting":true,"audioPlay":false,"sceneViewState":{"showFog":true,"showMaterialUpdate":false,"showSkybox":true,"showFlares":true,"showImageEffects":true,"showParticleSystems":true,"showVisualEffectGraphs":true,"m_FxEnabled":true},"in2DMode":false,"pivot":{"x":-1.0337092876434327,"y":-0.47577333450317385,"z":-12.615706443786621},"rotation":{"x":0.3058205544948578,"y":0.008565861731767655,"z":-0.002744531724601984,"w":0.952058732509613},"size":13.087597846984864,"orthographic":false}